<resources>
    <color name="md_theme_primary">#825514</color>
    <color name="md_theme_onPrimary">#FFFFFF</color>
    <color name="md_theme_primaryContainer">#FFDDB9</color>
    <color name="md_theme_onPrimaryContainer">#663E00</color>
    <color name="md_theme_secondary">#715A41</color>
    <color name="md_theme_onSecondary">#FFFFFF</color>
    <color name="md_theme_secondaryContainer">#FDDDBD</color>
    <color name="md_theme_onSecondaryContainer">#57432B</color>
    <color name="md_theme_tertiary">#54633D</color>
    <color name="md_theme_onTertiary">#FFFFFF</color>
    <color name="md_theme_tertiaryContainer">#D8E9B8</color>
    <color name="md_theme_onTertiaryContainer">#3D4B27</color>
    <color name="md_theme_error">#BA1A1A</color>
    <color name="md_theme_onError">#FFFFFF</color>
    <color name="md_theme_errorContainer">#FFDAD6</color>
    <color name="md_theme_onErrorContainer">#93000A</color>
    <color name="md_theme_background">#FFF8F4</color>
    <color name="md_theme_onBackground">#211A13</color>
    <color name="md_theme_surface">#FFF8F4</color>
    <color name="md_theme_onSurface">#211A13</color>
    <color name="md_theme_surfaceVariant">#F1E0D0</color>
    <color name="md_theme_onSurfaceVariant">#504539</color>
    <color name="md_theme_outline">#827568</color>
    <color name="md_theme_outlineVariant">#D4C4B5</color>
    <color name="md_theme_scrim">#000000</color>
    <color name="md_theme_inverseSurface">#372F27</color>
    <color name="md_theme_inverseOnSurface">#FCEEE2</color>
    <color name="md_theme_inversePrimary">#F8BB71</color>
    <color name="md_theme_primaryFixed">#FFDDB9</color>
    <color name="md_theme_onPrimaryFixed">#2B1700</color>
    <color name="md_theme_primaryFixedDim">#F8BB71</color>
    <color name="md_theme_onPrimaryFixedVariant">#663E00</color>
    <color name="md_theme_secondaryFixed">#FDDDBD</color>
    <color name="md_theme_onSecondaryFixed">#281805</color>
    <color name="md_theme_secondaryFixedDim">#DFC1A2</color>
    <color name="md_theme_onSecondaryFixedVariant">#57432B</color>
    <color name="md_theme_tertiaryFixed">#D8E9B8</color>
    <color name="md_theme_onTertiaryFixed">#131F02</color>
    <color name="md_theme_tertiaryFixedDim">#BCCD9E</color>
    <color name="md_theme_onTertiaryFixedVariant">#3D4B27</color>
    <color name="md_theme_surfaceDim">#E5D8CC</color>
    <color name="md_theme_surfaceBright">#FFF8F4</color>
    <color name="md_theme_surfaceContainerLowest">#FFFFFF</color>
    <color name="md_theme_surfaceContainerLow">#FFF1E6</color>
    <color name="md_theme_surfaceContainer">#F9EBE0</color>
    <color name="md_theme_surfaceContainerHigh">#F4E6DA</color>
    <color name="md_theme_surfaceContainerHighest">#EEE0D4</color>
    <color name="md_theme_primary_mediumContrast">#4F2F00</color>
    <color name="md_theme_onPrimary_mediumContrast">#FFFFFF</color>
    <color name="md_theme_primaryContainer_mediumContrast">#936322</color>
    <color name="md_theme_onPrimaryContainer_mediumContrast">#FFFFFF</color>
    <color name="md_theme_secondary_mediumContrast">#45331C</color>
    <color name="md_theme_onSecondary_mediumContrast">#FFFFFF</color>
    <color name="md_theme_secondaryContainer_mediumContrast">#81694E</color>
    <color name="md_theme_onSecondaryContainer_mediumContrast">#FFFFFF</color>
    <color name="md_theme_tertiary_mediumContrast">#2D3A18</color>
    <color name="md_theme_onTertiary_mediumContrast">#FFFFFF</color>
    <color name="md_theme_tertiaryContainer_mediumContrast">#63724A</color>
    <color name="md_theme_onTertiaryContainer_mediumContrast">#FFFFFF</color>
    <color name="md_theme_error_mediumContrast">#740006</color>
    <color name="md_theme_onError_mediumContrast">#FFFFFF</color>
    <color name="md_theme_errorContainer_mediumContrast">#CF2C27</color>
    <color name="md_theme_onErrorContainer_mediumContrast">#FFFFFF</color>
    <color name="md_theme_background_mediumContrast">#FFF8F4</color>
    <color name="md_theme_onBackground_mediumContrast">#211A13</color>
    <color name="md_theme_surface_mediumContrast">#FFF8F4</color>
    <color name="md_theme_onSurface_mediumContrast">#16100A</color>
    <color name="md_theme_surfaceVariant_mediumContrast">#F1E0D0</color>
    <color name="md_theme_onSurfaceVariant_mediumContrast">#3E342A</color>
    <color name="md_theme_outline_mediumContrast">#5C5045</color>
    <color name="md_theme_outlineVariant_mediumContrast">#786B5E</color>
    <color name="md_theme_scrim_mediumContrast">#000000</color>
    <color name="md_theme_inverseSurface_mediumContrast">#372F27</color>
    <color name="md_theme_inverseOnSurface_mediumContrast">#FCEEE2</color>
    <color name="md_theme_inversePrimary_mediumContrast">#F8BB71</color>
    <color name="md_theme_primaryFixed_mediumContrast">#936322</color>
    <color name="md_theme_onPrimaryFixed_mediumContrast">#FFFFFF</color>
    <color name="md_theme_primaryFixedDim_mediumContrast">#774B09</color>
    <color name="md_theme_onPrimaryFixedVariant_mediumContrast">#FFFFFF</color>
    <color name="md_theme_secondaryFixed_mediumContrast">#81694E</color>
    <color name="md_theme_onSecondaryFixed_mediumContrast">#FFFFFF</color>
    <color name="md_theme_secondaryFixedDim_mediumContrast">#675138</color>
    <color name="md_theme_onSecondaryFixedVariant_mediumContrast">#FFFFFF</color>
    <color name="md_theme_tertiaryFixed_mediumContrast">#63724A</color>
    <color name="md_theme_onTertiaryFixed_mediumContrast">#FFFFFF</color>
    <color name="md_theme_tertiaryFixedDim_mediumContrast">#4B5A34</color>
    <color name="md_theme_onTertiaryFixedVariant_mediumContrast">#FFFFFF</color>
    <color name="md_theme_surfaceDim_mediumContrast">#D1C4B9</color>
    <color name="md_theme_surfaceBright_mediumContrast">#FFF8F4</color>
    <color name="md_theme_surfaceContainerLowest_mediumContrast">#FFFFFF</color>
    <color name="md_theme_surfaceContainerLow_mediumContrast">#FFF1E6</color>
    <color name="md_theme_surfaceContainer_mediumContrast">#F4E6DA</color>
    <color name="md_theme_surfaceContainerHigh_mediumContrast">#E8DBCF</color>
    <color name="md_theme_surfaceContainerHighest_mediumContrast">#DCCFC4</color>
    <color name="md_theme_primary_highContrast">#412600</color>
    <color name="md_theme_onPrimary_highContrast">#FFFFFF</color>
    <color name="md_theme_primaryContainer_highContrast">#694000</color>
    <color name="md_theme_onPrimaryContainer_highContrast">#FFFFFF</color>
    <color name="md_theme_secondary_highContrast">#3A2913</color>
    <color name="md_theme_onSecondary_highContrast">#FFFFFF</color>
    <color name="md_theme_secondaryContainer_highContrast">#5A452D</color>
    <color name="md_theme_onSecondaryContainer_highContrast">#FFFFFF</color>
    <color name="md_theme_tertiary_highContrast">#23300F</color>
    <color name="md_theme_onTertiary_highContrast">#FFFFFF</color>
    <color name="md_theme_tertiaryContainer_highContrast">#404E29</color>
    <color name="md_theme_onTertiaryContainer_highContrast">#FFFFFF</color>
    <color name="md_theme_error_highContrast">#600004</color>
    <color name="md_theme_onError_highContrast">#FFFFFF</color>
    <color name="md_theme_errorContainer_highContrast">#98000A</color>
    <color name="md_theme_onErrorContainer_highContrast">#FFFFFF</color>
    <color name="md_theme_background_highContrast">#FFF8F4</color>
    <color name="md_theme_onBackground_highContrast">#211A13</color>
    <color name="md_theme_surface_highContrast">#FFF8F4</color>
    <color name="md_theme_onSurface_highContrast">#000000</color>
    <color name="md_theme_surfaceVariant_highContrast">#F1E0D0</color>
    <color name="md_theme_onSurfaceVariant_highContrast">#000000</color>
    <color name="md_theme_outline_highContrast">#342A20</color>
    <color name="md_theme_outlineVariant_highContrast">#52473C</color>
    <color name="md_theme_scrim_highContrast">#000000</color>
    <color name="md_theme_inverseSurface_highContrast">#372F27</color>
    <color name="md_theme_inverseOnSurface_highContrast">#FFFFFF</color>
    <color name="md_theme_inversePrimary_highContrast">#F8BB71</color>
    <color name="md_theme_primaryFixed_highContrast">#694000</color>
    <color name="md_theme_onPrimaryFixed_highContrast">#FFFFFF</color>
    <color name="md_theme_primaryFixedDim_highContrast">#4A2C00</color>
    <color name="md_theme_onPrimaryFixedVariant_highContrast">#FFFFFF</color>
    <color name="md_theme_secondaryFixed_highContrast">#5A452D</color>
    <color name="md_theme_onSecondaryFixed_highContrast">#FFFFFF</color>
    <color name="md_theme_secondaryFixedDim_highContrast">#422F19</color>
    <color name="md_theme_onSecondaryFixedVariant_highContrast">#FFFFFF</color>
    <color name="md_theme_tertiaryFixed_highContrast">#404E29</color>
    <color name="md_theme_onTertiaryFixed_highContrast">#FFFFFF</color>
    <color name="md_theme_tertiaryFixedDim_highContrast">#293715</color>
    <color name="md_theme_onTertiaryFixedVariant_highContrast">#FFFFFF</color>
    <color name="md_theme_surfaceDim_highContrast">#C3B7AC</color>
    <color name="md_theme_surfaceBright_highContrast">#FFF8F4</color>
    <color name="md_theme_surfaceContainerLowest_highContrast">#FFFFFF</color>
    <color name="md_theme_surfaceContainerLow_highContrast">#FCEEE2</color>
    <color name="md_theme_surfaceContainer_highContrast">#EEE0D4</color>
    <color name="md_theme_surfaceContainerHigh_highContrast">#DFD2C7</color>
    <color name="md_theme_surfaceContainerHighest_highContrast">#D1C4B9</color>
</resources>
